[gen, fit_avg, fit_std, fit_best, best_tree]
0|7592506.38252495|53147507.946143806|0.7419677803849549|cos(div(sub(x, x), sub(tan(x), y)))
1|168347.49946742825|1178371.5357304187|0.7419677803849549|cos(div(sub(x, x), sub(tan(x), y)))
2|2.314402812380666|2.3696937373031415|0.7419677803849549|cos(div(sub(x, x), sub(tan(x), y)))
